i,n,st,rto,r,rnew,censusregions,in,country,custreg
1,p2,WA,rto1,nr11,nr1new,PA,WSCC,USA,Pacific
2,p1,WA,rto1,nr11,nr1new,PA,WSCC,USA,Pacific
3,p1,WA,rto1,nr11,nr1new,PA,WSCC,USA,Pacific
4,p1,WA,rto1,nr11,nr1new,PA,WSCC,USA,Pacific
5,p2,WA,rto1,nr11,nr1new,PA,WSCC,USA,Pacific
6,p3,WA,rto1,nr11,nr1new,PA,WSCC,USA,Pacific
7,p4,WA,rto1,nr11,nr1new,PA,WSCC,USA,Pacific
8,p3,WA,rto1,nr11,nr1new,PA,WSCC,USA,Pacific
9,p2,WA,rto1,nr11,nr1new,PA,WSCC,USA,Pacific
10,p5,OR,rto1,nr11,nr1new,PA,WSCC,USA,Pacific
11,p5,OR,rto1,nr11,nr1new,PA,WSCC,USA,Pacific
12,p5,OR,rto1,nr11,nr1new,PA,WSCC,USA,Pacific
14,p6,OR,rto1,nr11,nr1new,PA,WSCC,USA,Pacific
15,p6,OR,rto1,nr11,nr1new,PA,WSCC,USA,Pacific
16,p5,OR,rto1,nr11,nr1new,PA,WSCC,USA,Pacific
17,p5,OR,rto1,nr11,nr1new,PA,WSCC,USA,Pacific
18,p7,OR,rto1,nr11,nr1new,PA,WSCC,USA,Pacific
19,p7,OR,rto1,nr11,nr1new,PA,WSCC,USA,Pacific
20,p9,CA,rto4,nr13,nr4new,PA,WSCC,USA,Pacific
21,p8,CA,rto2,nr13,nr1new,PA,WSCC,USA,Pacific
22,p9,CA,rto4,nr13,nr4new,PA,WSCC,USA,Pacific
23,p9,CA,rto4,nr13,nr4new,PA,WSCC,USA,Pacific
24,p9,CA,rto4,nr13,nr4new,PA,WSCC,USA,Pacific
25,p9,CA,rto4,nr13,nr4new,PA,WSCC,USA,Pacific
26,p9,CA,rto4,nr13,nr4new,PA,WSCC,USA,Pacific
27,p9,CA,rto4,nr13,nr4new,PA,WSCC,USA,Pacific
28,p10,CA,rto4,nr13,nr5new,PA,WSCC,USA,Pacific
29,p9,CA,rto4,nr13,nr4new,PA,WSCC,USA,Pacific
30,p10,CA,rto4,nr13,nr5new,PA,WSCC,USA,Pacific
31,p10,CA,rto4,nr13,nr5new,PA,WSCC,USA,Pacific
32,p11,CA,rto4,nr13,nr5new,PA,WSCC,USA,Pacific
33,p10,CA,rto4,nr13,nr5new,PA,WSCC,USA,Pacific
34,p12,NV,rto2,nr11,nr2new,MTN,WSCC,USA,Mountain
35,p12,NV,rto2,nr11,nr2new,MTN,WSCC,USA,Mountain
36,p12,NV,rto2,nr11,nr2new,MTN,WSCC,USA,Mountain
37,p12,NV,rto2,nr11,nr2new,MTN,WSCC,USA,Mountain
38,p12,NV,rto2,nr11,nr2new,MTN,WSCC,USA,Mountain
39,p12,NV,rto2,nr11,nr2new,MTN,WSCC,USA,Mountain
40,p13,NV,rto3,nr12,nr7new,MTN,WSCC,USA,Mountain
41,p14,ID,rto1,nr11,nr1new,MTN,WSCC,USA,Mountain
42,p15,ID,rto1,nr11,nr2new,MTN,WSCC,USA,Mountain
43,p15,ID,rto1,nr11,nr2new,MTN,WSCC,USA,Mountain
44,p15,ID,rto1,nr11,nr2new,MTN,WSCC,USA,Mountain
45,p15,ID,rto1,nr11,nr2new,MTN,WSCC,USA,Mountain
46,p16,ID,rto1,nr11,nr2new,MTN,WSCC,USA,Mountain
47,p16,ID,rto1,nr11,nr2new,MTN,WSCC,USA,Mountain
48,p25,UT,rto2,nr11,nr2new,MTN,WSCC,USA,Mountain
49,p25,UT,rto2,nr11,nr2new,MTN,WSCC,USA,Mountain
50,p26,UT,rto2,nr11,nr2new,MTN,WSCC,USA,Mountain
51,p25,UT,rto2,nr11,nr2new,MTN,WSCC,USA,Mountain
52,p25,UT,rto2,nr11,nr2new,MTN,WSCC,USA,Mountain
53,p27,AZ,rto3,nr12,nr7new,MTN,WSCC,USA,Mountain
54,p28,AZ,rto3,nr12,nr7new,MTN,WSCC,USA,Mountain
55,p29,AZ,rto3,nr12,nr7new,MTN,WSCC,USA,Mountain
56,p28,AZ,rto3,nr12,nr7new,MTN,WSCC,USA,Mountain
57,p28,AZ,rto3,nr12,nr7new,MTN,WSCC,USA,Mountain
58,p30,AZ,rto3,nr12,nr7new,MTN,WSCC,USA,Mountain
59,p28,AZ,rto3,nr12,nr7new,MTN,WSCC,USA,Mountain
60,p17,MT,rto1,nr11,nr1new,MTN,WSCC,USA,Mountain
61,p17,MT,rto1,nr11,nr1new,MTN,WSCC,USA,Mountain
62,p17,MT,rto1,nr11,nr1new,MTN,WSCC,USA,Mountain
63,p17,MT,rto1,nr11,nr1new,MTN,WSCC,USA,Mountain
64,p18,MT,rto2,nr11,nr1new,MTN,WSCC,USA,Mountain
65,p18,MT,rto2,nr11,nr1new,MTN,WSCC,USA,Mountain
66,p20,MT,rto2,nr11,nr1new,MTN,WSCC,USA,Mountain
67,p18,MT,rto2,nr11,nr1new,MTN,WSCC,USA,Mountain
68,p19,MT,rto2,nr11,nr9new,MTN,WSCC,USA,Mountain
69,p20,MT,rto2,nr11,nr1new,MTN,WSCC,USA,Mountain
70,p21,WY,rto2,nr11,nr2new,MTN,WSCC,USA,Mountain
71,p21,WY,rto2,nr11,nr2new,MTN,WSCC,USA,Mountain
72,p22,WY,rto2,nr11,nr3new,MTN,WSCC,USA,Mountain
73,p23,WY,rto5,nr11,nr3new,MTN,WSCC,USA,Mountain
74,p24,WY,rto5,nr11,nr3new,MTN,WSCC,USA,Mountain
75,p33,CO,rto5,nr12,nr3new,MTN,WSCC,USA,Mountain
76,p33,CO,rto5,nr12,nr3new,MTN,WSCC,USA,Mountain
77,p34,CO,rto5,nr12,nr3new,MTN,WSCC,USA,Mountain
78,p34,CO,rto5,nr12,nr3new,MTN,WSCC,USA,Mountain
79,p33,CO,rto5,nr12,nr3new,MTN,WSCC,USA,Mountain
80,p33,CO,rto5,nr12,nr3new,MTN,WSCC,USA,Mountain
81,p33,CO,rto5,nr12,nr3new,MTN,WSCC,USA,Mountain
82,p33,CO,rto5,nr12,nr3new,MTN,WSCC,USA,Mountain
83,p34,CO,rto5,nr12,nr3new,MTN,WSCC,USA,Mountain
84,p34,CO,rto5,nr12,nr3new,MTN,WSCC,USA,Mountain
85,p33,CO,rto5,nr12,nr3new,MTN,WSCC,USA,Mountain
86,p34,CO,rto5,nr12,nr3new,MTN,WSCC,USA,Mountain
87,p34,CO,rto5,nr12,nr3new,MTN,WSCC,USA,Mountain
88,p31,NM,rto3,nr12,nr7new,MTN,WSCC,USA,Mountain
89,p31,NM,rto3,nr12,nr7new,MTN,WSCC,USA,Mountain
90,p31,NM,rto3,nr12,nr7new,MTN,WSCC,USA,Mountain
91,p31,NM,rto3,nr12,nr7new,MTN,WSCC,USA,Mountain
92,p31,NM,rto3,nr12,nr7new,MTN,WSCC,USA,Mountain
93,p31,NM,rto3,nr12,nr7new,MTN,WSCC,USA,Mountain
94,p59,TX,rto3,nr12,nr7new,MTN,WSCC,USA,Mountain
95,p32,SD,rto5,nr11,nr3new,MTN,WSCC,USA,Mountain
96,p35,MT,rto11,nr5,nr9new,WNC,eastern,USA,West North Central
97,p36,ND,rto11,nr5,nr9new,WNC,eastern,USA,West North Central
98,p36,ND,rto11,nr5,nr9new,WNC,eastern,USA,West North Central
99,p37,ND,rto11,nr5,nr9new,WNC,eastern,USA,West North Central
100,p36,ND,rto11,nr5,nr9new,WNC,eastern,USA,West North Central
101,p36,ND,rto11,nr5,nr9new,WNC,eastern,USA,West North Central
102,p37,ND,rto11,nr5,nr9new,WNC,eastern,USA,West North Central
103,p37,ND,rto11,nr5,nr9new,WNC,eastern,USA,West North Central
104,p38,SD,rto11,nr5,nr9new,WNC,eastern,USA,West North Central
105,p38,SD,rto11,nr5,nr9new,WNC,eastern,USA,West North Central
106,p38,SD,rto11,nr5,nr9new,WNC,eastern,USA,West North Central
107,p38,SD,rto11,nr5,nr9new,WNC,eastern,USA,West North Central
108,p38,SD,rto11,nr5,nr9new,WNC,eastern,USA,West North Central
109,p38,SD,rto11,nr5,nr9new,WNC,eastern,USA,West North Central
110,p38,SD,rto11,nr5,nr9new,WNC,eastern,USA,West North Central
111,p38,SD,rto11,nr5,nr9new,WNC,eastern,USA,West North Central
112,p38,SD,rto11,nr5,nr9new,WNC,eastern,USA,West North Central
113,p38,SD,rto11,nr5,nr9new,WNC,eastern,USA,West North Central
114,p39,NE,rto8,nr5,nr10new,WNC,eastern,USA,West North Central
115,p39,NE,rto8,nr5,nr10new,WNC,eastern,USA,West North Central
116,p40,NE,rto8,nr5,nr10new,WNC,eastern,USA,West North Central
117,p40,NE,rto8,nr5,nr10new,WNC,eastern,USA,West North Central
118,p40,NE,rto8,nr5,nr10new,WNC,eastern,USA,West North Central
119,p41,NE,rto8,nr5,nr10new,WNC,eastern,USA,West North Central
120,p42,MN,rto11,nr5,nr9new,WNC,eastern,USA,West North Central
121,p43,MN,rto11,nr5,nr11new,WNC,eastern,USA,West North Central
122,p44,MN,rto11,nr5,nr11new,WNC,eastern,USA,West North Central
123,p44,MN,rto11,nr5,nr11new,WNC,eastern,USA,West North Central
124,p43,MN,rto11,nr5,nr11new,WNC,eastern,USA,West North Central
125,p43,MN,rto11,nr5,nr11new,WNC,eastern,USA,West North Central
126,p43,MN,rto11,nr5,nr11new,WNC,eastern,USA,West North Central
127,p43,MN,rto11,nr5,nr11new,WNC,eastern,USA,West North Central
128,p43,MN,rto11,nr5,nr11new,WNC,eastern,USA,West North Central
129,p46,WI,rto11,nr5,nr11new,ENC,eastern,USA,Great Lakes
130,p46,WI,rto11,nr5,nr11new,ENC,eastern,USA,Great Lakes
131,p46,WI,rto11,nr5,nr11new,ENC,eastern,USA,Great Lakes
132,p45,IA,rto6,nr5,nr11new,WNC,eastern,USA,West North Central
133,p69,IA,rto6,nr5,nr11new,WNC,eastern,USA,West North Central
134,p45,IA,rto6,nr5,nr11new,WNC,eastern,USA,West North Central
13,p5,OR,rto1,nr11,nr1new,PA,WSCC,USA,Pacific
135,p52,KS,rto8,nr10,nr10new,WNC,eastern,USA,West North Central
136,p53,KS,rto8,nr10,nr10new,WNC,eastern,USA,West North Central
137,p53,KS,rto8,nr10,nr10new,WNC,eastern,USA,West North Central
138,p53,KS,rto8,nr10,nr10new,WNC,eastern,USA,West North Central
139,p53,KS,rto8,nr10,nr10new,WNC,eastern,USA,West North Central
140,p53,KS,rto8,nr10,nr10new,WNC,eastern,USA,West North Central
141,p53,KS,rto8,nr10,nr10new,WNC,eastern,USA,West North Central
142,p53,KS,rto8,nr10,nr10new,WNC,eastern,USA,West North Central
143,p53,KS,rto8,nr10,nr10new,WNC,eastern,USA,West North Central
144,p54,MO,rto8,nr10,nr11new,WNC,eastern,USA,West North Central
145,p54,MO,rto8,nr10,nr11new,WNC,eastern,USA,West North Central
146,p55,MO,rto8,nr10,nr10new,WNC,eastern,USA,West North Central
147,p55,MO,rto8,nr10,nr10new,WNC,eastern,USA,West North Central
148,p47,NM,rto8,nr10,nr10new,WSC,eastern,USA,West South Central
149,p48,TX,rto8,nr10,nr10new,WSC,eastern,USA,West South Central
150,p48,TX,rto8,nr10,nr10new,WSC,eastern,USA,West South Central
151,p57,TX,rto8,nr10,nr10new,WSC,eastern,USA,West South Central
152,p49,OK,rto8,nr10,nr10new,WSC,eastern,USA,West South Central
153,p50,OK,rto8,nr10,nr10new,WSC,eastern,USA,West South Central
154,p50,OK,rto8,nr10,nr10new,WSC,eastern,USA,West South Central
155,p50,OK,rto8,nr10,nr10new,WSC,eastern,USA,West South Central
156,p50,OK,rto8,nr10,nr10new,WSC,eastern,USA,West South Central
157,p51,OK,rto8,nr10,nr10new,WSC,eastern,USA,West South Central
158,p50,OK,rto8,nr10,nr10new,WSC,eastern,USA,West South Central
159,p56,AR,rto8,nr10,nr10new,WSC,eastern,USA,West South Central
160,p56,AR,rto8,nr10,nr10new,WSC,eastern,USA,West South Central
161,p58,LA,rto13,nr9,nr10new,WSC,eastern,USA,West South Central
162,p58,LA,rto13,nr9,nr10new,WSC,eastern,USA,West South Central
163,p61,TX,rto10,nr2,nr8new,WSC,texas,USA,West South Central
164,p62,TX,rto10,nr2,nr8new,WSC,texas,USA,West South Central
165,p60,TX,rto10,nr2,nr8new,WSC,texas,USA,West South Central
166,p61,TX,rto10,nr2,nr8new,WSC,texas,USA,West South Central
167,p63,TX,rto10,nr2,nr8new,WSC,texas,USA,West South Central
168,p63,TX,rto10,nr2,nr8new,WSC,texas,USA,West South Central
169,p63,TX,rto10,nr2,nr8new,WSC,texas,USA,West South Central
170,p63,TX,rto10,nr2,nr8new,WSC,texas,USA,West South Central
171,p64,TX,rto10,nr2,nr8new,WSC,texas,USA,West South Central
172,p65,TX,rto10,nr2,nr8new,WSC,texas,USA,West South Central
173,p65,TX,rto10,nr2,nr8new,WSC,texas,USA,West South Central
174,p65,TX,rto10,nr2,nr8new,WSC,texas,USA,West South Central
175,p67,TX,rto10,nr2,nr8new,WSC,texas,USA,West South Central
176,p68,MN,rto11,nr5,nr11new,WNC,eastern,USA,West North Central
177,p69,IA,rto6,nr5,nr11new,WNC,eastern,USA,West North Central
178,p70,IA,rto6,nr5,nr11new,WNC,eastern,USA,West North Central
179,p70,IA,rto6,nr5,nr11new,WNC,eastern,USA,West North Central
180,p70,IA,rto6,nr5,nr11new,WNC,eastern,USA,West North Central
181,p70,IA,rto6,nr5,nr11new,WNC,eastern,USA,West North Central
182,p70,IA,rto6,nr5,nr11new,WNC,eastern,USA,West North Central
183,p70,IA,rto6,nr5,nr11new,WNC,eastern,USA,West North Central
184,p71,MO,rto6,nr4,nr11new,WNC,eastern,USA,West North Central
185,p72,MO,rto6,nr4,nr11new,WNC,eastern,USA,West North Central
186,p73,MO,rto13,nr4,nr11new,WNC,eastern,USA,West North Central
187,p84,MO,rto13,nr9,nr11new,WNC,eastern,USA,West North Central
188,p84,MO,rto13,nr9,nr11new,WNC,eastern,USA,West North Central
189,p72,MO,rto6,nr4,nr11new,WNC,eastern,USA,West North Central
190,p72,MO,rto6,nr4,nr11new,WNC,eastern,USA,West North Central
191,p74,MI,rto6,nr4,nr11new,ENC,eastern,USA,Great Lakes
192,p75,WI,rto6,nr4,nr11new,ENC,eastern,USA,Great Lakes
193,p76,WI,rto6,nr4,nr11new,ENC,eastern,USA,Great Lakes
194,p77,WI,rto11,nr4,nr11new,ENC,eastern,USA,Great Lakes
195,p78,WI,rto6,nr4,nr11new,ENC,eastern,USA,Great Lakes
196,p76,WI,rto6,nr4,nr11new,ENC,eastern,USA,Great Lakes
197,p75,WI,rto6,nr4,nr11new,ENC,eastern,USA,Great Lakes
198,p79,WI,rto6,nr4,nr11new,ENC,eastern,USA,Great Lakes
199,p80,IL,rto7,nr4,nr17new,ENC,eastern,USA,Great Lakes
200,p81,IL,rto6,nr4,nr11new,ENC,eastern,USA,Great Lakes
201,p81,IL,rto6,nr4,nr11new,ENC,eastern,USA,Great Lakes
202,p81,IL,rto6,nr4,nr11new,ENC,eastern,USA,Great Lakes
203,p82,IL,rto6,nr4,nr11new,ENC,eastern,USA,Great Lakes
204,p81,IL,rto6,nr4,nr11new,ENC,eastern,USA,Great Lakes
205,p81,IL,rto6,nr4,nr11new,ENC,eastern,USA,Great Lakes
206,p80,IL,rto7,nr4,nr17new,ENC,eastern,USA,Great Lakes
207,p80,IL,rto7,nr4,nr17new,ENC,eastern,USA,Great Lakes
208,p83,IL,rto6,nr4,nr11new,ENC,eastern,USA,Great Lakes
209,p83,IL,rto6,nr4,nr11new,ENC,eastern,USA,Great Lakes
210,p83,IL,rto6,nr4,nr11new,ENC,eastern,USA,Great Lakes
211,p103,MI,rto6,nr1,nr11new,ENC,eastern,USA,Great Lakes
212,p103,MI,rto6,nr1,nr11new,ENC,eastern,USA,Great Lakes
213,p104,MI,rto7,nr1,nr17new,ENC,eastern,USA,Great Lakes
214,p103,MI,rto6,nr1,nr11new,ENC,eastern,USA,Great Lakes
215,p103,MI,rto6,nr1,nr11new,ENC,eastern,USA,Great Lakes
216,p103,MI,rto6,nr1,nr11new,ENC,eastern,USA,Great Lakes
217,p103,MI,rto6,nr1,nr11new,ENC,eastern,USA,Great Lakes
218,p103,MI,rto6,nr1,nr11new,ENC,eastern,USA,Great Lakes
219,p105,IN,rto6,nr1,nr11new,ENC,eastern,USA,Great Lakes
220,p105,IN,rto6,nr1,nr11new,ENC,eastern,USA,Great Lakes
221,p105,IN,rto6,nr1,nr11new,ENC,eastern,USA,Great Lakes
222,p105,IN,rto6,nr1,nr11new,ENC,eastern,USA,Great Lakes
223,p106,IN,rto6,nr1,nr11new,ENC,eastern,USA,Great Lakes
224,p107,IN,rto6,nr1,nr11new,ENC,eastern,USA,Great Lakes
225,p105,IN,rto6,nr1,nr11new,ENC,eastern,USA,Great Lakes
226,p105,IN,rto6,nr1,nr11new,ENC,eastern,USA,Great Lakes
227,p111,OH,rto7,nr1,nr17new,ENC,eastern,USA,Great Lakes
228,p112,OH,rto7,nr1,nr17new,ENC,eastern,USA,Great Lakes
229,p112,OH,rto7,nr1,nr17new,ENC,eastern,USA,Great Lakes
230,p113,OH,rto7,nr1,nr17new,ENC,eastern,USA,Great Lakes
231,p114,OH,rto7,nr1,nr11new,ENC,eastern,USA,Great Lakes
232,p112,OH,rto7,nr1,nr17new,ENC,eastern,USA,Great Lakes
233,p112,OH,rto7,nr1,nr17new,ENC,eastern,USA,Great Lakes
234,p111,OH,rto7,nr1,nr17new,ENC,eastern,USA,Great Lakes
235,p112,OH,rto7,nr1,nr17new,ENC,eastern,USA,Great Lakes
236,p108,KY,rto6,nr1,nr16new,ESC,eastern,USA,Southeast
237,p109,KY,rto7,nr1,nr16new,ESC,eastern,USA,Southeast
238,p109,KY,rto7,nr1,nr16new,ESC,eastern,USA,Southeast
239,p109,KY,rto7,nr1,nr16new,ESC,eastern,USA,Southeast
240,p109,KY,rto7,nr1,nr16new,ESC,eastern,USA,Southeast
241,p109,KY,rto7,nr1,nr16new,ESC,eastern,USA,Southeast
242,p110,KY,rto7,nr1,nr17new,ESC,eastern,USA,Southeast
243,p118,VA,rto7,nr1,nr17new,SA,eastern,USA,Southeast
244,p118,VA,rto7,nr1,nr17new,SA,eastern,USA,Southeast
245,p118,VA,rto7,nr1,nr17new,SA,eastern,USA,Southeast
246,p117,WV,rto7,nr1,nr17new,SA,eastern,USA,Southeast
247,p117,WV,rto7,nr1,nr17new,SA,eastern,USA,Southeast
248,p117,WV,rto7,nr1,nr17new,SA,eastern,USA,Southeast
249,p116,WV,rto7,nr1,nr17new,SA,eastern,USA,Southeast
250,p116,WV,rto7,nr1,nr17new,SA,eastern,USA,Southeast
251,p115,PA,rto7,nr1,nr17new,MA,eastern,USA,Northeast
252,p115,PA,rto7,nr1,nr17new,MA,eastern,USA,Northeast
253,p121,MD,rto7,nr1,nr17new,SA,eastern,USA,Southeast
254,p120,PA,rto7,nr1,nr17new,MA,eastern,USA,Northeast
255,p119,PA,rto12,nr1,nr17new,MA,eastern,USA,Northeast
256,p66,TX,rto13,nr9,nr10new,WSC,eastern,USA,West South Central
257,p85,AR,rto13,nr9,nr12new,WSC,eastern,USA,West South Central
258,p85,AR,rto13,nr9,nr12new,WSC,eastern,USA,West South Central
259,p85,AR,rto13,nr9,nr12new,WSC,eastern,USA,West South Central
260,p86,LA,rto13,nr9,nr12new,WSC,eastern,USA,West South Central
261,p58,LA,rto13,nr9,nr10new,WSC,eastern,USA,West South Central
262,p87,MS,rto13,nr9,nr12new,ESC,eastern,USA,Southeast
263,p88,MS,rto14,nr9,nr12new,ESC,eastern,USA,Southeast
264,p87,MS,rto13,nr9,nr12new,ESC,eastern,USA,Southeast
265,p89,AL,rto14,nr9,nr13new,ESC,eastern,USA,Southeast
266,p89,AL,rto14,nr9,nr13new,ESC,eastern,USA,Southeast
267,p90,AL,rto9,nr9,nr13new,ESC,eastern,USA,Southeast
268,p90,AL,rto9,nr9,nr13new,ESC,eastern,USA,Southeast
269,p91,FL,rto9,nr9,nr13new,SA,eastern,USA,Southeast
270,p91,FL,rto9,nr9,nr13new,SA,eastern,USA,Southeast
271,p91,FL,rto9,nr9,nr13new,SA,eastern,USA,Southeast
272,p94,GA,rto9,nr9,nr13new,SA,eastern,USA,Southeast
273,p94,GA,rto9,nr9,nr13new,SA,eastern,USA,Southeast
274,p94,GA,rto9,nr9,nr13new,SA,eastern,USA,Southeast
275,p94,GA,rto9,nr9,nr13new,SA,eastern,USA,Southeast
276,p92,TN,rto14,nr9,nr16new,ESC,eastern,USA,Southeast
277,p92,TN,rto14,nr9,nr16new,ESC,eastern,USA,Southeast
278,p92,TN,rto14,nr9,nr16new,ESC,eastern,USA,Southeast
279,p92,TN,rto14,nr9,nr16new,ESC,eastern,USA,Southeast
280,p92,TN,rto14,nr9,nr16new,ESC,eastern,USA,Southeast
281,p92,TN,rto14,nr9,nr16new,ESC,eastern,USA,Southeast
282,p92,TN,rto14,nr9,nr16new,ESC,eastern,USA,Southeast
283,p92,TN,rto14,nr9,nr16new,ESC,eastern,USA,Southeast
284,p92,TN,rto14,nr9,nr16new,ESC,eastern,USA,Southeast
285,p92,TN,rto14,nr9,nr16new,ESC,eastern,USA,Southeast
286,p93,KY,rto14,nr9,nr16new,ESC,eastern,USA,Southeast
287,p93,KY,rto14,nr9,nr16new,ESC,eastern,USA,Southeast
288,p97,NC,rto15,nr9,nr15new,SA,eastern,USA,Southeast
289,p97,NC,rto15,nr9,nr15new,SA,eastern,USA,Southeast
290,p97,NC,rto15,nr9,nr15new,SA,eastern,USA,Southeast
291,p98,NC,rto15,nr9,nr15new,SA,eastern,USA,Southeast
292,p98,NC,rto15,nr9,nr15new,SA,eastern,USA,Southeast
293,p98,NC,rto15,nr9,nr15new,SA,eastern,USA,Southeast
294,p98,NC,rto15,nr9,nr15new,SA,eastern,USA,Southeast
295,p95,SC,rto15,nr9,nr15new,SA,eastern,USA,Southeast
296,p96,SC,rto15,nr9,nr15new,SA,eastern,USA,Southeast
297,p96,SC,rto15,nr9,nr15new,SA,eastern,USA,Southeast
298,p96,SC,rto15,nr9,nr15new,SA,eastern,USA,Southeast
299,p96,SC,rto15,nr9,nr15new,SA,eastern,USA,Southeast
300,p99,VA,rto7,nr9,nr17new,SA,eastern,USA,Southeast
301,p100,VA,rto7,nr9,nr17new,SA,eastern,USA,Southeast
302,p99,VA,rto7,nr9,nr17new,SA,eastern,USA,Southeast
303,p99,VA,rto7,nr9,nr17new,SA,eastern,USA,Southeast
304,p99,VA,rto7,nr9,nr17new,SA,eastern,USA,Southeast
305,p99,VA,rto7,nr9,nr17new,SA,eastern,USA,Southeast
306,p99,VA,rto7,nr9,nr17new,SA,eastern,USA,Southeast
307,p99,VA,rto7,nr9,nr17new,SA,eastern,USA,Southeast
308,p116,WV,rto7,nr1,nr17new,SA,eastern,USA,Southeast
309,p101,FL,rto16,nr8,nr14new,SA,eastern,USA,Southeast
310,p101,FL,rto16,nr8,nr14new,SA,eastern,USA,Southeast
311,p101,FL,rto16,nr8,nr14new,SA,eastern,USA,Southeast
312,p101,FL,rto16,nr8,nr14new,SA,eastern,USA,Southeast
313,p102,FL,rto16,nr8,nr14new,SA,eastern,USA,Southeast
314,p124,VA,rto12,nr3,nr17new,SA,eastern,USA,Southeast
315,p123,MD,rto12,nr3,nr17new,SA,eastern,USA,Southeast
316,p123,MD,rto12,nr3,nr17new,SA,eastern,USA,Southeast
317,p123,MD,rto12,nr3,nr17new,SA,eastern,USA,Southeast
318,p125,DE,rto12,nr3,nr17new,SA,eastern,USA,Southeast
319,p125,DE,rto12,nr3,nr17new,SA,eastern,USA,Southeast
320,p122,PA,rto12,nr3,nr17new,MA,eastern,USA,Northeast
321,p122,PA,rto12,nr3,nr17new,MA,eastern,USA,Northeast
322,p122,PA,rto12,nr3,nr17new,MA,eastern,USA,Northeast
323,p122,PA,rto12,nr3,nr17new,MA,eastern,USA,Northeast
324,p122,PA,rto12,nr3,nr17new,MA,eastern,USA,Northeast
325,p122,PA,rto12,nr3,nr17new,MA,eastern,USA,Northeast
326,p122,PA,rto12,nr3,nr17new,MA,eastern,USA,Northeast
327,p122,PA,rto12,nr3,nr17new,MA,eastern,USA,Northeast
328,p126,NJ,rto12,nr3,nr17new,MA,eastern,USA,Northeast
329,p126,NJ,rto12,nr3,nr17new,MA,eastern,USA,Northeast
330,p126,NJ,rto12,nr3,nr17new,MA,eastern,USA,Northeast
331,p126,NJ,rto12,nr3,nr17new,MA,eastern,USA,Northeast
332,p126,NJ,rto12,nr3,nr17new,MA,eastern,USA,Northeast
333,p127,NY,rto17,nr6,nr18new,MA,eastern,USA,Northeast
334,p127,NY,rto17,nr6,nr18new,MA,eastern,USA,Northeast
335,p127,NY,rto17,nr6,nr18new,MA,eastern,USA,Northeast
336,p127,NY,rto17,nr6,nr18new,MA,eastern,USA,Northeast
337,p127,NY,rto17,nr6,nr18new,MA,eastern,USA,Northeast
338,p127,NY,rto17,nr6,nr18new,MA,eastern,USA,Northeast
339,p127,NY,rto17,nr6,nr18new,MA,eastern,USA,Northeast
340,p127,NY,rto17,nr6,nr18new,MA,eastern,USA,Northeast
341,p127,NY,rto17,nr6,nr18new,MA,eastern,USA,Northeast
342,p128,NY,rto17,nr6,nr18new,MA,eastern,USA,Northeast
343,p132,CT,rto18,nr7,nr19new,NE,eastern,USA,Northeast
344,p132,CT,rto18,nr7,nr19new,NE,eastern,USA,Northeast
345,p133,RI,rto18,nr7,nr19new,NE,eastern,USA,Northeast
346,p133,RI,rto18,nr7,nr19new,NE,eastern,USA,Northeast
347,p131,MA,rto18,nr7,nr19new,NE,eastern,USA,Northeast
348,p131,MA,rto18,nr7,nr19new,NE,eastern,USA,Northeast
349,p131,MA,rto18,nr7,nr19new,NE,eastern,USA,Northeast
350,p129,VT,rto18,nr7,nr19new,NE,eastern,USA,Northeast
351,p129,VT,rto18,nr7,nr19new,NE,eastern,USA,Northeast
352,p129,VT,rto18,nr7,nr19new,NE,eastern,USA,Northeast
353,p130,NH,rto18,nr7,nr19new,NE,eastern,USA,Northeast
354,p130,NH,rto18,nr7,nr19new,NE,eastern,USA,Northeast
355,p134,ME,rto18,nr7,nr19new,NE,eastern,USA,Northeast
356,p134,ME,rto18,nr7,nr19new,NE,eastern,USA,Northeast
357,p135,MEX,rto4,nr13,nr5new,PA,WSCC,MEX,Pacific
358,p136,MEX,rto4,nr13,nr5new,PA,WSCC,MEX,Pacific
359,p137,BC,rto33,nr11,nr20new,PA,WSCC,CAN,Pacific
360,p137,BC,rto33,nr11,nr20new,PA,WSCC,CAN,Pacific
361,p137,BC,rto33,nr11,nr20new,PA,WSCC,CAN,Pacific
362,p138,BC,rto33,nr11,nr20new,PA,WSCC,CAN,Pacific
363,p139,BC,rto33,nr11,nr20new,PA,WSCC,CAN,Pacific
364,p139,BC,rto33,nr11,nr20new,PA,WSCC,CAN,Pacific
365,p139,BC,rto33,nr11,nr20new,PA,WSCC,CAN,Pacific
366,p139,BC,rto33,nr11,nr20new,PA,WSCC,CAN,Pacific
367,p140,AB,rto34,nr11,nr21new,MTN,WSCC,CAN,Mountain
368,p141,AB,rto34,nr11,nr21new,MTN,WSCC,CAN,Mountain
369,p142,SK,rto35,nr5,nr22new,WNC,eastern,CAN,West North Central
370,p143,MB,rto36,nr5,nr23new,WNC,eastern,CAN,West North Central
371,p144,ON,rto37,nr6,nr24new,MA,eastern,CAN,Northeast
372,p145,ON,rto37,nr6,nr24new,MA,eastern,CAN,Northeast
373,p146,ON,rto37,nr6,nr24new,MA,eastern,CAN,Northeast
374,p147,ON,rto37,nr6,nr24new,MA,eastern,CAN,Northeast
375,p148,QC,rto38,nr14,nr25new,NE,quebec,CAN,Northeast
376,p149,QC,rto38,nr14,nr25new,NE,quebec,CAN,Northeast
377,p150,QC,rto38,nr14,nr25new,NE,quebec,CAN,Northeast
378,p151,QC,rto38,nr14,nr25new,NE,quebec,CAN,Northeast
379,p151,QC,rto38,nr14,nr25new,NE,quebec,CAN,Northeast
380,p151,QC,rto38,nr14,nr25new,NE,quebec,CAN,Northeast
381,p151,QC,rto38,nr14,nr25new,NE,quebec,CAN,Northeast
382,p151,QC,rto38,nr14,nr25new,NE,quebec,CAN,Northeast
383,p151,QC,rto38,nr14,nr25new,NE,quebec,CAN,Northeast
384,p151,QC,rto38,nr14,nr25new,NE,quebec,CAN,Northeast
385,p151,QC,rto38,nr14,nr25new,NE,quebec,CAN,Northeast
386,p151,QC,rto38,nr14,nr25new,NE,quebec,CAN,Northeast
387,p151,QC,rto38,nr14,nr25new,NE,quebec,CAN,Northeast
388,p151,QC,rto38,nr14,nr25new,NE,quebec,CAN,Northeast
389,p151,QC,rto38,nr14,nr25new,NE,quebec,CAN,Northeast
390,p151,QC,rto38,nr14,nr25new,NE,quebec,CAN,Northeast
391,p151,QC,rto38,nr14,nr25new,NE,quebec,CAN,Northeast
392,p151,QC,rto38,nr14,nr25new,NE,quebec,CAN,Northeast
393,p151,QC,rto38,nr14,nr25new,NE,quebec,CAN,Northeast
394,p151,QC,rto38,nr14,nr25new,NE,quebec,CAN,Northeast
395,p151,QC,rto38,nr14,nr25new,NE,quebec,CAN,Northeast
396,p151,QC,rto38,nr14,nr25new,NE,quebec,CAN,Northeast
397,p151,QC,rto38,nr14,nr25new,NE,quebec,CAN,Northeast
398,p151,QC,rto38,nr14,nr25new,NE,quebec,CAN,Northeast
399,p151,QC,rto38,nr14,nr25new,NE,quebec,CAN,Northeast
400,p151,QC,rto38,nr14,nr25new,NE,quebec,CAN,Northeast
401,p152,NB,rto39,nr7,nr26new,NE,eastern,CAN,Northeast
402,p153,NS,rto39,nr7,nr26new,NE,eastern,CAN,Northeast
403,p154,NL,rto38,nr14,nr24new,NE,quebec,CAN,Northeast
404,p155,NFI,rto38,nr14,nr24new,NE,quebec,CAN,Northeast
405,p156,PEI,rto39,nr7,nr26new,NE,eastern,CAN,Northeast
406,p157,SIN_SON,rto40,nr15,nr27new,MEX,mexico,MEX,Mexico
407,p158,SIN_SON,rto40,nr15,nr27new,MEX,mexico,MEX,Mexico
408,p159,SIN_SON,rto40,nr15,nr27new,MEX,mexico,MEX,Mexico
409,p160,SIN_SON,rto40,nr15,nr27new,MEX,mexico,MEX,Mexico
410,p161,SIN_SON,rto40,nr15,nr27new,MEX,mexico,MEX,Mexico
411,p162,SIN_SON,rto40,nr15,nr27new,MEX,mexico,MEX,Mexico
412,p163,CHH,rto40,nr15,nr27new,MEX,mexico,MEX,Mexico
413,p164,CHH,rto40,nr15,nr27new,MEX,mexico,MEX,Mexico
414,p165,CHH,rto40,nr15,nr27new,MEX,mexico,MEX,Mexico
415,p166,COA_DGO_NLE,rto40,nr15,nr27new,MEX,mexico,MEX,Mexico
416,p167,COA_DGO_NLE,rto40,nr15,nr27new,MEX,mexico,MEX,Mexico
417,p168,COA_DGO_NLE,rto40,nr15,nr27new,MEX,mexico,MEX,Mexico
418,p169,DIF_HID_MEX_MOR_OAX_PUE_TAM_TLA_VER,rto40,nr15,nr27new,MEX,mexico,MEX,Mexico
419,p170,DIF_HID_MEX_MOR_OAX_PUE_TAM_TLA_VER,rto40,nr15,nr27new,MEX,mexico,MEX,Mexico
420,p171,DIF_HID_MEX_MOR_OAX_PUE_TAM_TLA_VER,rto40,nr15,nr27new,MEX,mexico,MEX,Mexico
421,p172,COA_DGO_NLE,rto40,nr15,nr27new,MEX,mexico,MEX,Mexico
422,p173,COA_DGO_NLE,rto40,nr15,nr27new,MEX,mexico,MEX,Mexico
423,p174,SLP,rto40,nr15,nr27new,MEX,mexico,MEX,Mexico
424,p175,DIF_HID_MEX_MOR_OAX_PUE_TAM_TLA_VER,rto40,nr15,nr27new,MEX,mexico,MEX,Mexico
425,p176,SLP,rto40,nr15,nr27new,MEX,mexico,MEX,Mexico
426,p177,DIF_HID_MEX_MOR_OAX_PUE_TAM_TLA_VER,rto40,nr15,nr27new,MEX,mexico,MEX,Mexico
427,p178,AGU_GUA_JAL_NAY_QUE_ZAC,rto40,nr15,nr27new,MEX,mexico,MEX,Mexico
428,p179,AGU_GUA_JAL_NAY_QUE_ZAC,rto40,nr15,nr27new,MEX,mexico,MEX,Mexico
429,p180,AGU_GUA_JAL_NAY_QUE_ZAC,rto40,nr15,nr27new,MEX,mexico,MEX,Mexico
430,p181,SLP,rto40,nr15,nr27new,MEX,mexico,MEX,Mexico
431,p182,AGU_GUA_JAL_NAY_QUE_ZAC,rto40,nr15,nr27new,MEX,mexico,MEX,Mexico
432,p183,COL,rto40,nr15,nr27new,MEX,mexico,MEX,Mexico
433,p184,GRO_MIC,rto40,nr15,nr27new,MEX,mexico,MEX,Mexico
434,p185,GRO_MIC,rto40,nr15,nr27new,MEX,mexico,MEX,Mexico
435,p186,AGU_GUA_JAL_NAY_QUE_ZAC,rto40,nr15,nr27new,MEX,mexico,MEX,Mexico
436,p187,DIF_HID_MEX_MOR_OAX_PUE_TAM_TLA_VER,rto40,nr15,nr27new,MEX,mexico,MEX,Mexico
437,p188,DIF_HID_MEX_MOR_OAX_PUE_TAM_TLA_VER,rto40,nr15,nr27new,MEX,mexico,MEX,Mexico
438,p189,DIF_HID_MEX_MOR_OAX_PUE_TAM_TLA_VER,rto40,nr15,nr27new,MEX,mexico,MEX,Mexico
439,p190,DIF_HID_MEX_MOR_OAX_PUE_TAM_TLA_VER,rto40,nr15,nr27new,MEX,mexico,MEX,Mexico
440,p191,GRO_MIC,rto40,nr15,nr27new,MEX,mexico,MEX,Mexico
441,p192,DIF_HID_MEX_MOR_OAX_PUE_TAM_TLA_VER,rto40,nr15,nr27new,MEX,mexico,MEX,Mexico
442,p193,DIF_HID_MEX_MOR_OAX_PUE_TAM_TLA_VER,rto40,nr15,nr27new,MEX,mexico,MEX,Mexico
443,p194,CAM_CHP_TAB,rto40,nr15,nr27new,MEX,mexico,MEX,Mexico
444,p195,CAM_CHP_TAB,rto40,nr15,nr27new,MEX,mexico,MEX,Mexico
445,p196,DIF_HID_MEX_MOR_OAX_PUE_TAM_TLA_VER,rto40,nr15,nr27new,MEX,mexico,MEX,Mexico
446,p197,CAM_CHP_TAB,rto40,nr15,nr27new,MEX,mexico,MEX,Mexico
447,p198,YUC,rto40,nr15,nr27new,MEX,mexico,MEX,Mexico
448,p199,ROO,rto40,nr15,nr27new,MEX,mexico,MEX,Mexico
449,p200,ROO,rto40,nr15,nr27new,MEX,mexico,MEX,Mexico
450,p201,BCN,rto41,nr15,nr27new,MEX,mexico,MEX,Mexico
451,p202,BCN,rto41,nr15,nr27new,MEX,mexico,MEX,Mexico
452,p203,BCN,rto41,nr15,nr27new,MEX,mexico,MEX,Mexico
453,p204,BCN,rto41,nr15,nr27new,MEX,mexico,MEX,Mexico
454,p205,BCS,rto41,nr15,nr27new,MEX,mexico,MEX,Mexico
