i,n,st,rto,r,rnew,censusregions,nems,in,country,custreg
1,p2,wa,rto1,nr11,nr1new,pa,nems21,wscc,usa,Pacific
2,p1,wa,rto1,nr11,nr1new,pa,nems21,wscc,usa,Pacific
3,p1,wa,rto1,nr11,nr1new,pa,nems21,wscc,usa,Pacific
4,p1,wa,rto1,nr11,nr1new,pa,nems21,wscc,usa,Pacific
5,p2,wa,rto1,nr11,nr1new,pa,nems21,wscc,usa,Pacific
6,p3,wa,rto1,nr11,nr1new,pa,nems21,wscc,usa,Pacific
7,p4,wa,rto1,nr11,nr1new,pa,nems21,wscc,usa,Pacific
8,p3,wa,rto1,nr11,nr1new,pa,nems21,wscc,usa,Pacific
9,p2,wa,rto1,nr11,nr1new,pa,nems21,wscc,usa,Pacific
10,p5,or,rto1,nr11,nr1new,pa,nems21,wscc,usa,Pacific
11,p5,or,rto1,nr11,nr1new,pa,nems21,wscc,usa,Pacific
12,p5,or,rto1,nr11,nr1new,pa,nems21,wscc,usa,Pacific
14,p6,or,rto1,nr11,nr1new,pa,nems21,wscc,usa,Pacific
15,p6,or,rto1,nr11,nr1new,pa,nems21,wscc,usa,Pacific
16,p5,or,rto1,nr11,nr1new,pa,nems21,wscc,usa,Pacific
17,p5,or,rto1,nr11,nr1new,pa,nems21,wscc,usa,Pacific
18,p7,or,rto1,nr11,nr1new,pa,nems21,wscc,usa,Pacific
19,p7,or,rto1,nr11,nr1new,pa,nems21,wscc,usa,Pacific
20,p9,ca,rto4,nr13,nr4new,pa,nems20,wscc,usa,Pacific
21,p8,ca,rto2,nr13,nr1new,pa,nems21,wscc,usa,Pacific
22,p9,ca,rto4,nr13,nr4new,pa,nems20,wscc,usa,Pacific
23,p9,ca,rto4,nr13,nr4new,pa,nems20,wscc,usa,Pacific
24,p9,ca,rto4,nr13,nr4new,pa,nems20,wscc,usa,Pacific
25,p9,ca,rto4,nr13,nr4new,pa,nems20,wscc,usa,Pacific
26,p9,ca,rto4,nr13,nr4new,pa,nems20,wscc,usa,Pacific
27,p9,ca,rto4,nr13,nr4new,pa,nems20,wscc,usa,Pacific
28,p10,ca,rto4,nr13,nr5new,pa,nems20,wscc,usa,Pacific
29,p9,ca,rto4,nr13,nr4new,pa,nems20,wscc,usa,Pacific
30,p10,ca,rto4,nr13,nr5new,pa,nems20,wscc,usa,Pacific
31,p10,ca,rto4,nr13,nr5new,pa,nems20,wscc,usa,Pacific
32,p11,ca,rto4,nr13,nr5new,pa,nems20,wscc,usa,Pacific
33,p10,ca,rto4,nr13,nr5new,pa,nems20,wscc,usa,Pacific
34,p12,nv,rto2,nr11,nr2new,mtn,nems21,wscc,usa,Mountain
35,p12,nv,rto2,nr11,nr2new,mtn,nems21,wscc,usa,Mountain
36,p12,nv,rto2,nr11,nr2new,mtn,nems21,wscc,usa,Mountain
37,p12,nv,rto2,nr11,nr2new,mtn,nems21,wscc,usa,Mountain
38,p12,nv,rto2,nr11,nr2new,mtn,nems21,wscc,usa,Mountain
39,p12,nv,rto2,nr11,nr2new,mtn,nems21,wscc,usa,Mountain
40,p13,nv,rto3,nr12,nr7new,mtn,nems19,wscc,usa,Mountain
41,p14,id,rto1,nr11,nr1new,mtn,nems21,wscc,usa,Mountain
42,p15,id,rto1,nr11,nr2new,mtn,nems21,wscc,usa,Mountain
43,p15,id,rto1,nr11,nr2new,mtn,nems21,wscc,usa,Mountain
44,p15,id,rto1,nr11,nr2new,mtn,nems21,wscc,usa,Mountain
45,p15,id,rto1,nr11,nr2new,mtn,nems21,wscc,usa,Mountain
46,p16,id,rto1,nr11,nr2new,mtn,nems21,wscc,usa,Mountain
47,p16,id,rto1,nr11,nr2new,mtn,nems21,wscc,usa,Mountain
48,p25,ut,rto2,nr11,nr2new,mtn,nems21,wscc,usa,Mountain
49,p25,ut,rto2,nr11,nr2new,mtn,nems21,wscc,usa,Mountain
50,p26,ut,rto2,nr11,nr2new,mtn,nems21,wscc,usa,Mountain
51,p25,ut,rto2,nr11,nr2new,mtn,nems21,wscc,usa,Mountain
52,p25,ut,rto2,nr11,nr2new,mtn,nems21,wscc,usa,Mountain
53,p27,az,rto3,nr12,nr7new,mtn,nems19,wscc,usa,Mountain
54,p28,az,rto3,nr12,nr7new,mtn,nems19,wscc,usa,Mountain
55,p29,az,rto3,nr12,nr7new,mtn,nems19,wscc,usa,Mountain
56,p28,az,rto3,nr12,nr7new,mtn,nems19,wscc,usa,Mountain
57,p28,az,rto3,nr12,nr7new,mtn,nems19,wscc,usa,Mountain
58,p30,az,rto3,nr12,nr7new,mtn,nems19,wscc,usa,Mountain
59,p28,az,rto3,nr12,nr7new,mtn,nems19,wscc,usa,Mountain
60,p17,mt,rto1,nr11,nr1new,mtn,nems21,wscc,usa,Mountain
61,p17,mt,rto1,nr11,nr1new,mtn,nems21,wscc,usa,Mountain
62,p17,mt,rto1,nr11,nr1new,mtn,nems21,wscc,usa,Mountain
63,p17,mt,rto1,nr11,nr1new,mtn,nems21,wscc,usa,Mountain
64,p18,mt,rto2,nr11,nr1new,mtn,nems21,wscc,usa,Mountain
65,p18,mt,rto2,nr11,nr1new,mtn,nems21,wscc,usa,Mountain
66,p20,mt,rto2,nr11,nr1new,mtn,nems21,wscc,usa,Mountain
67,p18,mt,rto2,nr11,nr1new,mtn,nems21,wscc,usa,Mountain
68,p19,mt,rto2,nr11,nr9new,mtn,nems21,wscc,usa,Mountain
69,p20,mt,rto2,nr11,nr1new,mtn,nems21,wscc,usa,Mountain
70,p21,wy,rto2,nr11,nr2new,mtn,nems21,wscc,usa,Mountain
71,p21,wy,rto2,nr11,nr2new,mtn,nems21,wscc,usa,Mountain
72,p22,wy,rto2,nr11,nr3new,mtn,nems22,wscc,usa,Mountain
73,p23,wy,rto5,nr11,nr3new,mtn,nems22,wscc,usa,Mountain
74,p24,wy,rto5,nr11,nr3new,mtn,nems22,wscc,usa,Mountain
75,p33,co,rto5,nr12,nr3new,mtn,nems22,wscc,usa,Mountain
76,p33,co,rto5,nr12,nr3new,mtn,nems22,wscc,usa,Mountain
77,p34,co,rto5,nr12,nr3new,mtn,nems22,wscc,usa,Mountain
78,p34,co,rto5,nr12,nr3new,mtn,nems22,wscc,usa,Mountain
79,p33,co,rto5,nr12,nr3new,mtn,nems22,wscc,usa,Mountain
80,p33,co,rto5,nr12,nr3new,mtn,nems22,wscc,usa,Mountain
81,p33,co,rto5,nr12,nr3new,mtn,nems22,wscc,usa,Mountain
82,p33,co,rto5,nr12,nr3new,mtn,nems22,wscc,usa,Mountain
83,p34,co,rto5,nr12,nr3new,mtn,nems22,wscc,usa,Mountain
84,p34,co,rto5,nr12,nr3new,mtn,nems22,wscc,usa,Mountain
85,p33,co,rto5,nr12,nr3new,mtn,nems22,wscc,usa,Mountain
86,p34,co,rto5,nr12,nr3new,mtn,nems22,wscc,usa,Mountain
87,p34,co,rto5,nr12,nr3new,mtn,nems22,wscc,usa,Mountain
88,p31,nm,rto3,nr12,nr7new,mtn,nems19,wscc,usa,Mountain
89,p31,nm,rto3,nr12,nr7new,mtn,nems19,wscc,usa,Mountain
90,p31,nm,rto3,nr12,nr7new,mtn,nems19,wscc,usa,Mountain
91,p31,nm,rto3,nr12,nr7new,mtn,nems19,wscc,usa,Mountain
92,p31,nm,rto3,nr12,nr7new,mtn,nems19,wscc,usa,Mountain
93,p31,nm,rto3,nr12,nr7new,mtn,nems19,wscc,usa,Mountain
94,p59,tx,rto3,nr12,nr7new,mtn,nems19,wscc,usa,West South Central
95,p32,sd,rto5,nr11,nr3new,mtn,nems22,wscc,usa,West North Central
96,p35,mt,rto11,nr5,nr9new,wnc,nems4,eastern,usa,Mountain
97,p36,nd,rto11,nr5,nr9new,wnc,nems4,eastern,usa,West North Central
98,p36,nd,rto11,nr5,nr9new,wnc,nems4,eastern,usa,West North Central
99,p37,nd,rto11,nr5,nr9new,wnc,nems4,eastern,usa,West North Central
100,p36,nd,rto11,nr5,nr9new,wnc,nems4,eastern,usa,West North Central
101,p36,nd,rto11,nr5,nr9new,wnc,nems4,eastern,usa,West North Central
102,p37,nd,rto11,nr5,nr9new,wnc,nems4,eastern,usa,West North Central
103,p37,nd,rto11,nr5,nr9new,wnc,nems4,eastern,usa,West North Central
104,p38,sd,rto11,nr5,nr9new,wnc,nems4,eastern,usa,West North Central
105,p38,sd,rto11,nr5,nr9new,wnc,nems4,eastern,usa,West North Central
106,p38,sd,rto11,nr5,nr9new,wnc,nems4,eastern,usa,West North Central
107,p38,sd,rto11,nr5,nr9new,wnc,nems4,eastern,usa,West North Central
108,p38,sd,rto11,nr5,nr9new,wnc,nems4,eastern,usa,West North Central
109,p38,sd,rto11,nr5,nr9new,wnc,nems4,eastern,usa,West North Central
110,p38,sd,rto11,nr5,nr9new,wnc,nems4,eastern,usa,West North Central
111,p38,sd,rto11,nr5,nr9new,wnc,nems4,eastern,usa,West North Central
112,p38,sd,rto11,nr5,nr9new,wnc,nems4,eastern,usa,West North Central
113,p38,sd,rto11,nr5,nr9new,wnc,nems4,eastern,usa,West North Central
114,p39,ne,rto8,nr5,nr10new,wnc,nems4,eastern,usa,West North Central
115,p39,ne,rto8,nr5,nr10new,wnc,nems4,eastern,usa,West North Central
116,p40,ne,rto8,nr5,nr10new,wnc,nems4,eastern,usa,West North Central
117,p40,ne,rto8,nr5,nr10new,wnc,nems4,eastern,usa,West North Central
118,p40,ne,rto8,nr5,nr10new,wnc,nems4,eastern,usa,West North Central
119,p41,ne,rto8,nr5,nr10new,wnc,nems4,eastern,usa,West North Central
120,p42,mn,rto11,nr5,nr9new,wnc,nems4,eastern,usa,West North Central
121,p43,mn,rto11,nr5,nr11new,wnc,nems4,eastern,usa,West North Central
122,p44,mn,rto11,nr5,nr11new,wnc,nems4,eastern,usa,West North Central
123,p44,mn,rto11,nr5,nr11new,wnc,nems4,eastern,usa,West North Central
124,p43,mn,rto11,nr5,nr11new,wnc,nems4,eastern,usa,West North Central
125,p43,mn,rto11,nr5,nr11new,wnc,nems4,eastern,usa,West North Central
126,p43,mn,rto11,nr5,nr11new,wnc,nems4,eastern,usa,West North Central
127,p43,mn,rto11,nr5,nr11new,wnc,nems4,eastern,usa,West North Central
128,p43,mn,rto11,nr5,nr11new,wnc,nems4,eastern,usa,West North Central
129,p46,wi,rto11,nr5,nr11new,enc,nems4,eastern,usa,Great Lakes
130,p46,wi,rto11,nr5,nr11new,enc,nems4,eastern,usa,Great Lakes
131,p46,wi,rto11,nr5,nr11new,enc,nems4,eastern,usa,Great Lakes
132,p45,ia,rto6,nr5,nr11new,wnc,nems4,eastern,usa,West North Central
133,p69,ia,rto6,nr5,nr11new,wnc,nems4,eastern,usa,West North Central
134,p45,ia,rto6,nr5,nr11new,wnc,nems4,eastern,usa,West North Central
13,p5,or,rto1,nr11,nr1new,pa,nems21,wscc,usa,Pacific
135,p52,ks,rto8,nr10,nr10new,wnc,nems17,eastern,usa,West North Central
136,p53,ks,rto8,nr10,nr10new,wnc,nems17,eastern,usa,West North Central
137,p53,ks,rto8,nr10,nr10new,wnc,nems17,eastern,usa,West North Central
138,p53,ks,rto8,nr10,nr10new,wnc,nems17,eastern,usa,West North Central
139,p53,ks,rto8,nr10,nr10new,wnc,nems17,eastern,usa,West North Central
140,p53,ks,rto8,nr10,nr10new,wnc,nems17,eastern,usa,West North Central
141,p53,ks,rto8,nr10,nr10new,wnc,nems17,eastern,usa,West North Central
142,p53,ks,rto8,nr10,nr10new,wnc,nems17,eastern,usa,West North Central
143,p53,ks,rto8,nr10,nr10new,wnc,nems17,eastern,usa,West North Central
144,p54,mo,rto8,nr10,nr11new,wnc,nems17,eastern,usa,West North Central
145,p54,mo,rto8,nr10,nr11new,wnc,nems17,eastern,usa,West North Central
146,p55,mo,rto8,nr10,nr10new,wnc,nems17,eastern,usa,West North Central
147,p55,mo,rto8,nr10,nr10new,wnc,nems17,eastern,usa,West North Central
148,p47,nm,rto8,nr10,nr10new,wsc,nems18,eastern,usa,Mountain
149,p48,tx,rto8,nr10,nr10new,wsc,nems18,eastern,usa,West South Central
150,p48,tx,rto8,nr10,nr10new,wsc,nems18,eastern,usa,West South Central
151,p57,tx,rto8,nr10,nr10new,wsc,nems18,eastern,usa,West South Central
152,p49,ok,rto8,nr10,nr10new,wsc,nems18,eastern,usa,West South Central
153,p50,ok,rto8,nr10,nr10new,wsc,nems18,eastern,usa,West South Central
154,p50,ok,rto8,nr10,nr10new,wsc,nems18,eastern,usa,West South Central
155,p50,ok,rto8,nr10,nr10new,wsc,nems18,eastern,usa,West South Central
156,p50,ok,rto8,nr10,nr10new,wsc,nems18,eastern,usa,West South Central
157,p51,ok,rto8,nr10,nr10new,wsc,nems18,eastern,usa,West South Central
158,p50,ok,rto8,nr10,nr10new,wsc,nems18,eastern,usa,West South Central
159,p56,ar,rto8,nr10,nr10new,wsc,nems18,eastern,usa,West South Central
160,p56,ar,rto8,nr10,nr10new,wsc,nems18,eastern,usa,West South Central
161,p58,la,rto13,nr9,nr10new,wsc,nems12,eastern,usa,West South Central
162,p58,la,rto13,nr9,nr10new,wsc,nems12,eastern,usa,West South Central
163,p61,tx,rto10,nr2,nr8new,wsc,nems1,texas,usa,West South Central
164,p62,tx,rto10,nr2,nr8new,wsc,nems1,texas,usa,West South Central
165,p60,tx,rto10,nr2,nr8new,wsc,nems1,texas,usa,West South Central
166,p61,tx,rto10,nr2,nr8new,wsc,nems1,texas,usa,West South Central
167,p63,tx,rto10,nr2,nr8new,wsc,nems1,texas,usa,West South Central
168,p63,tx,rto10,nr2,nr8new,wsc,nems1,texas,usa,West South Central
169,p63,tx,rto10,nr2,nr8new,wsc,nems1,texas,usa,West South Central
170,p63,tx,rto10,nr2,nr8new,wsc,nems1,texas,usa,West South Central
171,p64,tx,rto10,nr2,nr8new,wsc,nems1,texas,usa,West South Central
172,p65,tx,rto10,nr2,nr8new,wsc,nems1,texas,usa,West South Central
173,p65,tx,rto10,nr2,nr8new,wsc,nems1,texas,usa,West South Central
174,p65,tx,rto10,nr2,nr8new,wsc,nems1,texas,usa,West South Central
175,p67,tx,rto10,nr2,nr8new,wsc,nems1,texas,usa,West South Central
176,p68,mn,rto11,nr5,nr11new,wnc,nems4,eastern,usa,West North Central
177,p69,ia,rto6,nr5,nr11new,wnc,nems4,eastern,usa,West North Central
178,p70,ia,rto6,nr5,nr11new,wnc,nems4,eastern,usa,West North Central
179,p70,ia,rto6,nr5,nr11new,wnc,nems4,eastern,usa,West North Central
180,p70,ia,rto6,nr5,nr11new,wnc,nems4,eastern,usa,West North Central
181,p70,ia,rto6,nr5,nr11new,wnc,nems4,eastern,usa,West North Central
182,p70,ia,rto6,nr5,nr11new,wnc,nems4,eastern,usa,West North Central
183,p70,ia,rto6,nr5,nr11new,wnc,nems4,eastern,usa,West North Central
184,p71,mo,rto6,nr4,nr11new,wnc,nems13,eastern,usa,West North Central
185,p72,mo,rto6,nr4,nr11new,wnc,nems13,eastern,usa,West North Central
186,p73,mo,rto13,nr4,nr11new,wnc,nems13,eastern,usa,West North Central
187,p84,mo,rto13,nr9,nr11new,wnc,nems13,eastern,usa,West North Central
188,p84,mo,rto13,nr9,nr11new,wnc,nems13,eastern,usa,West North Central
189,p72,mo,rto6,nr4,nr11new,wnc,nems13,eastern,usa,West North Central
190,p72,mo,rto6,nr4,nr11new,wnc,nems13,eastern,usa,West North Central
191,p74,mi,rto6,nr4,nr11new,enc,nems3,eastern,usa,Great Lakes
192,p75,wi,rto6,nr4,nr11new,enc,nems3,eastern,usa,Great Lakes
193,p76,wi,rto6,nr4,nr11new,enc,nems3,eastern,usa,Great Lakes
194,p77,wi,rto11,nr4,nr11new,enc,nems3,eastern,usa,Great Lakes
195,p78,wi,rto6,nr4,nr11new,enc,nems3,eastern,usa,Great Lakes
196,p76,wi,rto6,nr4,nr11new,enc,nems3,eastern,usa,Great Lakes
197,p75,wi,rto6,nr4,nr11new,enc,nems3,eastern,usa,Great Lakes
198,p79,wi,rto6,nr4,nr11new,enc,nems11,eastern,usa,Great Lakes
199,p80,il,rto7,nr4,nr17new,enc,nems11,eastern,usa,Great Lakes
200,p81,il,rto6,nr4,nr11new,enc,nems13,eastern,usa,Great Lakes
201,p81,il,rto6,nr4,nr11new,enc,nems13,eastern,usa,Great Lakes
202,p81,il,rto6,nr4,nr11new,enc,nems13,eastern,usa,Great Lakes
203,p82,il,rto6,nr4,nr11new,enc,nems13,eastern,usa,Great Lakes
204,p81,il,rto6,nr4,nr11new,enc,nems13,eastern,usa,Great Lakes
205,p81,il,rto6,nr4,nr11new,enc,nems13,eastern,usa,Great Lakes
206,p80,il,rto7,nr4,nr17new,enc,nems11,eastern,usa,Great Lakes
207,p80,il,rto7,nr4,nr17new,enc,nems11,eastern,usa,Great Lakes
208,p83,il,rto6,nr4,nr11new,enc,nems13,eastern,usa,Great Lakes
209,p83,il,rto6,nr4,nr11new,enc,nems13,eastern,usa,Great Lakes
210,p83,il,rto6,nr4,nr11new,enc,nems13,eastern,usa,Great Lakes
211,p103,mi,rto6,nr1,nr11new,enc,nems10,eastern,usa,Great Lakes
212,p103,mi,rto6,nr1,nr11new,enc,nems10,eastern,usa,Great Lakes
213,p104,mi,rto7,nr1,nr17new,enc,nems11,eastern,usa,Great Lakes
214,p103,mi,rto6,nr1,nr11new,enc,nems10,eastern,usa,Great Lakes
215,p103,mi,rto6,nr1,nr11new,enc,nems10,eastern,usa,Great Lakes
216,p103,mi,rto6,nr1,nr11new,enc,nems10,eastern,usa,Great Lakes
217,p103,mi,rto6,nr1,nr11new,enc,nems10,eastern,usa,Great Lakes
218,p103,mi,rto6,nr1,nr11new,enc,nems10,eastern,usa,Great Lakes
219,p105,in,rto6,nr1,nr11new,enc,nems11,eastern,usa,Great Lakes
220,p105,in,rto6,nr1,nr11new,enc,nems11,eastern,usa,Great Lakes
221,p105,in,rto6,nr1,nr11new,enc,nems11,eastern,usa,Great Lakes
222,p105,in,rto6,nr1,nr11new,enc,nems11,eastern,usa,Great Lakes
223,p106,in,rto6,nr1,nr11new,enc,nems11,eastern,usa,Great Lakes
224,p107,in,rto6,nr1,nr11new,enc,nems11,eastern,usa,Great Lakes
225,p105,in,rto6,nr1,nr11new,enc,nems11,eastern,usa,Great Lakes
226,p105,in,rto6,nr1,nr11new,enc,nems11,eastern,usa,Great Lakes
227,p111,oh,rto7,nr1,nr17new,enc,nems11,eastern,usa,Great Lakes
228,p112,oh,rto7,nr1,nr17new,enc,nems11,eastern,usa,Great Lakes
229,p112,oh,rto7,nr1,nr17new,enc,nems11,eastern,usa,Great Lakes
230,p113,oh,rto7,nr1,nr17new,enc,nems11,eastern,usa,Great Lakes
231,p114,oh,rto7,nr1,nr11new,enc,nems11,eastern,usa,Great Lakes
232,p112,oh,rto7,nr1,nr17new,enc,nems11,eastern,usa,Great Lakes
233,p112,oh,rto7,nr1,nr17new,enc,nems11,eastern,usa,Great Lakes
234,p111,oh,rto7,nr1,nr17new,enc,nems11,eastern,usa,Great Lakes
235,p112,oh,rto7,nr1,nr17new,enc,nems11,eastern,usa,Great Lakes
236,p108,ky,rto6,nr1,nr16new,esc,nems15,eastern,usa,Southeast
237,p109,ky,rto7,nr1,nr16new,esc,nems15,eastern,usa,Southeast
238,p109,ky,rto7,nr1,nr16new,esc,nems15,eastern,usa,Southeast
239,p109,ky,rto7,nr1,nr16new,esc,nems15,eastern,usa,Southeast
240,p109,ky,rto7,nr1,nr16new,esc,nems15,eastern,usa,Southeast
241,p109,ky,rto7,nr1,nr16new,esc,nems15,eastern,usa,Southeast
242,p110,ky,rto7,nr1,nr17new,esc,nems11,eastern,usa,Southeast
243,p118,va,rto7,nr1,nr17new,sa,nems11,eastern,usa,Southeast
244,p118,va,rto7,nr1,nr17new,sa,nems11,eastern,usa,Southeast
245,p118,va,rto7,nr1,nr17new,sa,nems11,eastern,usa,Southeast
246,p117,wv,rto7,nr1,nr17new,sa,nems11,eastern,usa,Southeast
247,p117,wv,rto7,nr1,nr17new,sa,nems11,eastern,usa,Southeast
248,p117,wv,rto7,nr1,nr17new,sa,nems11,eastern,usa,Southeast
249,p116,wv,rto7,nr1,nr17new,sa,nems11,eastern,usa,Southeast
250,p116,wv,rto7,nr1,nr17new,sa,nems11,eastern,usa,Southeast
251,p115,pa,rto7,nr1,nr17new,ma,nems11,eastern,usa,Northeast
252,p115,pa,rto7,nr1,nr17new,ma,nems11,eastern,usa,Northeast
253,p121,md,rto7,nr1,nr17new,sa,nems11,eastern,usa,Southeast
254,p120,pa,rto7,nr1,nr17new,ma,nems11,eastern,usa,Northeast
255,p119,pa,rto12,nr1,nr17new,ma,nems9,eastern,usa,Northeast
256,p66,tx,rto13,nr9,nr10new,wsc,nems12,eastern,usa,West South Central
257,p85,ar,rto13,nr9,nr12new,wsc,nems12,eastern,usa,West South Central
258,p85,ar,rto13,nr9,nr12new,wsc,nems12,eastern,usa,West South Central
259,p85,ar,rto13,nr9,nr12new,wsc,nems12,eastern,usa,West South Central
260,p86,la,rto13,nr9,nr12new,wsc,nems12,eastern,usa,West South Central
261,p58,la,rto13,nr9,nr10new,wsc,nems12,eastern,usa,West South Central
262,p87,ms,rto13,nr9,nr12new,esc,nems12,eastern,usa,Southeast
263,p88,ms,rto14,nr9,nr12new,esc,nems15,eastern,usa,Southeast
264,p87,ms,rto13,nr9,nr12new,esc,nems12,eastern,usa,Southeast
265,p89,al,rto14,nr9,nr13new,esc,nems14,eastern,usa,Southeast
266,p89,al,rto14,nr9,nr13new,esc,nems14,eastern,usa,Southeast
267,p90,al,rto9,nr9,nr13new,esc,nems14,eastern,usa,Southeast
268,p90,al,rto9,nr9,nr13new,esc,nems14,eastern,usa,Southeast
269,p91,fl,rto9,nr9,nr13new,sa,nems14,eastern,usa,Southeast
270,p91,fl,rto9,nr9,nr13new,sa,nems14,eastern,usa,Southeast
271,p91,fl,rto9,nr9,nr13new,sa,nems14,eastern,usa,Southeast
272,p94,ga,rto9,nr9,nr13new,sa,nems14,eastern,usa,Southeast
273,p94,ga,rto9,nr9,nr13new,sa,nems14,eastern,usa,Southeast
274,p94,ga,rto9,nr9,nr13new,sa,nems14,eastern,usa,Southeast
275,p94,ga,rto9,nr9,nr13new,sa,nems14,eastern,usa,Southeast
276,p92,tn,rto14,nr9,nr16new,esc,nems15,eastern,usa,Southeast
277,p92,tn,rto14,nr9,nr16new,esc,nems15,eastern,usa,Southeast
278,p92,tn,rto14,nr9,nr16new,esc,nems15,eastern,usa,Southeast
279,p92,tn,rto14,nr9,nr16new,esc,nems15,eastern,usa,Southeast
280,p92,tn,rto14,nr9,nr16new,esc,nems15,eastern,usa,Southeast
281,p92,tn,rto14,nr9,nr16new,esc,nems15,eastern,usa,Southeast
282,p92,tn,rto14,nr9,nr16new,esc,nems15,eastern,usa,Southeast
283,p92,tn,rto14,nr9,nr16new,esc,nems15,eastern,usa,Southeast
284,p92,tn,rto14,nr9,nr16new,esc,nems15,eastern,usa,Southeast
285,p92,tn,rto14,nr9,nr16new,esc,nems15,eastern,usa,Southeast
286,p93,ky,rto14,nr9,nr16new,esc,nems15,eastern,usa,Southeast
287,p93,ky,rto14,nr9,nr16new,esc,nems15,eastern,usa,Southeast
288,p97,nc,rto15,nr9,nr15new,sa,nems16,eastern,usa,Southeast
289,p97,nc,rto15,nr9,nr15new,sa,nems16,eastern,usa,Southeast
290,p97,nc,rto15,nr9,nr15new,sa,nems16,eastern,usa,Southeast
291,p98,nc,rto15,nr9,nr15new,sa,nems16,eastern,usa,Southeast
292,p98,nc,rto15,nr9,nr15new,sa,nems16,eastern,usa,Southeast
293,p98,nc,rto15,nr9,nr15new,sa,nems16,eastern,usa,Southeast
294,p98,nc,rto15,nr9,nr15new,sa,nems16,eastern,usa,Southeast
295,p95,sc,rto15,nr9,nr15new,sa,nems16,eastern,usa,Southeast
296,p96,sc,rto15,nr9,nr15new,sa,nems16,eastern,usa,Southeast
297,p96,sc,rto15,nr9,nr15new,sa,nems16,eastern,usa,Southeast
298,p96,sc,rto15,nr9,nr15new,sa,nems16,eastern,usa,Southeast
299,p96,sc,rto15,nr9,nr15new,sa,nems16,eastern,usa,Southeast
300,p99,va,rto7,nr9,nr17new,sa,nems16,eastern,usa,Southeast
301,p100,va,rto7,nr9,nr17new,sa,nems11,eastern,usa,Southeast
302,p99,va,rto7,nr9,nr17new,sa,nems16,eastern,usa,Southeast
303,p99,va,rto7,nr9,nr17new,sa,nems16,eastern,usa,Southeast
304,p99,va,rto7,nr9,nr17new,sa,nems16,eastern,usa,Southeast
305,p99,va,rto7,nr9,nr17new,sa,nems16,eastern,usa,Southeast
306,p99,va,rto7,nr9,nr17new,sa,nems16,eastern,usa,Southeast
307,p99,va,rto7,nr9,nr17new,sa,nems16,eastern,usa,Southeast
308,p116,wv,rto7,nr1,nr17new,sa,nems11,eastern,usa,Southeast
309,p101,fl,rto16,nr8,nr14new,sa,nems2,eastern,usa,Southeast
310,p101,fl,rto16,nr8,nr14new,sa,nems2,eastern,usa,Southeast
311,p101,fl,rto16,nr8,nr14new,sa,nems2,eastern,usa,Southeast
312,p101,fl,rto16,nr8,nr14new,sa,nems2,eastern,usa,Southeast
313,p102,fl,rto16,nr8,nr14new,sa,nems2,eastern,usa,Southeast
314,p124,va,rto12,nr3,nr17new,sa,nems9,eastern,usa,Southeast
315,p123,md,rto12,nr3,nr17new,sa,nems9,eastern,usa,Southeast
316,p123,md,rto12,nr3,nr17new,sa,nems9,eastern,usa,Southeast
317,p123,md,rto12,nr3,nr17new,sa,nems9,eastern,usa,Southeast
318,p125,de,rto12,nr3,nr17new,sa,nems9,eastern,usa,Southeast
319,p125,de,rto12,nr3,nr17new,sa,nems9,eastern,usa,Southeast
320,p122,pa,rto12,nr3,nr17new,ma,nems9,eastern,usa,Northeast
321,p122,pa,rto12,nr3,nr17new,ma,nems9,eastern,usa,Northeast
322,p122,pa,rto12,nr3,nr17new,ma,nems9,eastern,usa,Northeast
323,p122,pa,rto12,nr3,nr17new,ma,nems9,eastern,usa,Northeast
324,p122,pa,rto12,nr3,nr17new,ma,nems9,eastern,usa,Northeast
325,p122,pa,rto12,nr3,nr17new,ma,nems9,eastern,usa,Northeast
326,p122,pa,rto12,nr3,nr17new,ma,nems9,eastern,usa,Northeast
327,p122,pa,rto12,nr3,nr17new,ma,nems9,eastern,usa,Northeast
328,p126,nj,rto12,nr3,nr17new,ma,nems9,eastern,usa,Northeast
329,p126,nj,rto12,nr3,nr17new,ma,nems9,eastern,usa,Northeast
330,p126,nj,rto12,nr3,nr17new,ma,nems9,eastern,usa,Northeast
331,p126,nj,rto12,nr3,nr17new,ma,nems9,eastern,usa,Northeast
332,p126,nj,rto12,nr3,nr17new,ma,nems9,eastern,usa,Northeast
333,p127,ny,rto17,nr6,nr18new,ma,nems8,eastern,usa,Northeast
334,p127,ny,rto17,nr6,nr18new,ma,nems8,eastern,usa,Northeast
335,p127,ny,rto17,nr6,nr18new,ma,nems8,eastern,usa,Northeast
336,p127,ny,rto17,nr6,nr18new,ma,nems8,eastern,usa,Northeast
337,p127,ny,rto17,nr6,nr18new,ma,nems8,eastern,usa,Northeast
338,p127,ny,rto17,nr6,nr18new,ma,nems8,eastern,usa,Northeast
339,p127,ny,rto17,nr6,nr18new,ma,nems8,eastern,usa,Northeast
340,p127,ny,rto17,nr6,nr18new,ma,nems8,eastern,usa,Northeast
341,p127,ny,rto17,nr6,nr18new,ma,nems8,eastern,usa,Northeast
342,p128,ny,rto17,nr6,nr18new,ma,nems7,eastern,usa,Northeast
343,p132,ct,rto18,nr7,nr19new,ne,nems5,eastern,usa,Northeast
344,p132,ct,rto18,nr7,nr19new,ne,nems5,eastern,usa,Northeast
345,p133,ri,rto18,nr7,nr19new,ne,nems5,eastern,usa,Northeast
346,p133,ri,rto18,nr7,nr19new,ne,nems5,eastern,usa,Northeast
347,p131,ma,rto18,nr7,nr19new,ne,nems5,eastern,usa,Northeast
348,p131,ma,rto18,nr7,nr19new,ne,nems5,eastern,usa,Northeast
349,p131,ma,rto18,nr7,nr19new,ne,nems5,eastern,usa,Northeast
350,p129,vt,rto18,nr7,nr19new,ne,nems5,eastern,usa,Northeast
351,p129,vt,rto18,nr7,nr19new,ne,nems5,eastern,usa,Northeast
352,p129,vt,rto18,nr7,nr19new,ne,nems5,eastern,usa,Northeast
353,p130,nh,rto18,nr7,nr19new,ne,nems5,eastern,usa,Northeast
354,p130,nh,rto18,nr7,nr19new,ne,nems5,eastern,usa,Northeast
355,p134,me,rto18,nr7,nr19new,ne,nems5,eastern,usa,Northeast
356,p134,me,rto18,nr7,nr19new,ne,nems5,eastern,usa,Northeast
357,p135,mex,rto4,nr13,nr5new,pa,nems4,wscc,mex,Pacific
358,p136,mex,rto4,nr13,nr5new,pa,nems1,wscc,mex,Pacific
359,p137,bc,rto33,nr11,nr20new,pa,can,wscc,can,Pacific
360,p137,bc,rto33,nr11,nr20new,pa,can,wscc,can,Pacific
361,p137,bc,rto33,nr11,nr20new,pa,can,wscc,can,Pacific
362,p138,bc,rto33,nr11,nr20new,pa,can,wscc,can,Pacific
363,p139,bc,rto33,nr11,nr20new,pa,can,wscc,can,Pacific
364,p139,bc,rto33,nr11,nr20new,pa,can,wscc,can,Pacific
365,p139,bc,rto33,nr11,nr20new,pa,can,wscc,can,Pacific
366,p139,bc,rto33,nr11,nr20new,pa,can,wscc,can,Pacific
367,p140,ab,rto34,nr11,nr21new,mtn,can,wscc,can,Mountain
368,p141,ab,rto34,nr11,nr21new,mtn,can,wscc,can,Mountain
369,p142,sk,rto35,nr5,nr22new,wnc,can,eastern,can,West North Central
370,p143,mb,rto36,nr5,nr23new,wnc,can,eastern,can,West North Central
371,p144,on,rto37,nr6,nr24new,ma,can,eastern,can,Northeast
372,p145,on,rto37,nr6,nr24new,ma,can,eastern,can,Northeast
373,p146,on,rto37,nr6,nr24new,ma,can,eastern,can,Northeast
374,p147,on,rto37,nr6,nr24new,ma,can,eastern,can,Northeast
375,p148,qc,rto38,nr14,nr25new,ne,can,quebec,can,Northeast
376,p149,qc,rto38,nr14,nr25new,ne,can,quebec,can,Northeast
377,p150,qc,rto38,nr14,nr25new,ne,can,quebec,can,Northeast
378,p151,qc,rto38,nr14,nr25new,ne,can,quebec,can,Northeast
379,p151,qc,rto38,nr14,nr25new,ne,can,quebec,can,Northeast
380,p151,qc,rto38,nr14,nr25new,ne,can,quebec,can,Northeast
381,p151,qc,rto38,nr14,nr25new,ne,can,quebec,can,Northeast
382,p151,qc,rto38,nr14,nr25new,ne,can,quebec,can,Northeast
383,p151,qc,rto38,nr14,nr25new,ne,can,quebec,can,Northeast
384,p151,qc,rto38,nr14,nr25new,ne,can,quebec,can,Northeast
385,p151,qc,rto38,nr14,nr25new,ne,can,quebec,can,Northeast
386,p151,qc,rto38,nr14,nr25new,ne,can,quebec,can,Northeast
387,p151,qc,rto38,nr14,nr25new,ne,can,quebec,can,Northeast
388,p151,qc,rto38,nr14,nr25new,ne,can,quebec,can,Northeast
389,p151,qc,rto38,nr14,nr25new,ne,can,quebec,can,Northeast
390,p151,qc,rto38,nr14,nr25new,ne,can,quebec,can,Northeast
391,p151,qc,rto38,nr14,nr25new,ne,can,quebec,can,Northeast
392,p151,qc,rto38,nr14,nr25new,ne,can,quebec,can,Northeast
393,p151,qc,rto38,nr14,nr25new,ne,can,quebec,can,Northeast
394,p151,qc,rto38,nr14,nr25new,ne,can,quebec,can,Northeast
395,p151,qc,rto38,nr14,nr25new,ne,can,quebec,can,Northeast
396,p151,qc,rto38,nr14,nr25new,ne,can,quebec,can,Northeast
397,p151,qc,rto38,nr14,nr25new,ne,can,quebec,can,Northeast
398,p151,qc,rto38,nr14,nr25new,ne,can,quebec,can,Northeast
399,p151,qc,rto38,nr14,nr25new,ne,can,quebec,can,Northeast
400,p151,qc,rto38,nr14,nr25new,ne,can,quebec,can,Northeast
401,p152,nb,rto39,nr7,nr26new,ne,can,eastern,can,Northeast
402,p153,ns,rto39,nr7,nr26new,ne,can,eastern,can,Northeast
403,p154,nl,rto38,nr14,nr24new,ne,can,quebec,can,Northeast
404,p155,nfi,rto38,nr14,nr24new,ne,can,quebec,can,Northeast
405,p156,pei,rto39,nr7,nr26new,ne,can,eastern,can,Northeast
406,p157,sin_son,rto40,nr15,nr27new,mex,mex,mexico,mex,Mexico
407,p158,sin_son,rto40,nr15,nr27new,mex,mex,mexico,mex,Mexico
408,p159,sin_son,rto40,nr15,nr27new,mex,mex,mexico,mex,Mexico
409,p160,sin_son,rto40,nr15,nr27new,mex,mex,mexico,mex,Mexico
410,p161,sin_son,rto40,nr15,nr27new,mex,mex,mexico,mex,Mexico
411,p162,sin_son,rto40,nr15,nr27new,mex,mex,mexico,mex,Mexico
412,p163,chh,rto40,nr15,nr27new,mex,mex,mexico,mex,Mexico
413,p164,chh,rto40,nr15,nr27new,mex,mex,mexico,mex,Mexico
414,p165,chh,rto40,nr15,nr27new,mex,mex,mexico,mex,Mexico
415,p166,coa_dgo_nle,rto40,nr15,nr27new,mex,mex,mexico,mex,Mexico
416,p167,coa_dgo_nle,rto40,nr15,nr27new,mex,mex,mexico,mex,Mexico
417,p168,coa_dgo_nle,rto40,nr15,nr27new,mex,mex,mexico,mex,Mexico
418,p169,dif_hid_mex_mor_oax_pue_tam_tla_ver,rto40,nr15,nr27new,mex,mex,mexico,mex,Mexico
419,p170,dif_hid_mex_mor_oax_pue_tam_tla_ver,rto40,nr15,nr27new,mex,mex,mexico,mex,Mexico
420,p171,dif_hid_mex_mor_oax_pue_tam_tla_ver,rto40,nr15,nr27new,mex,mex,mexico,mex,Mexico
421,p172,coa_dgo_nle,rto40,nr15,nr27new,mex,mex,mexico,mex,Mexico
422,p173,coa_dgo_nle,rto40,nr15,nr27new,mex,mex,mexico,mex,Mexico
423,p174,slp,rto40,nr15,nr27new,mex,mex,mexico,mex,Mexico
424,p175,dif_hid_mex_mor_oax_pue_tam_tla_ver,rto40,nr15,nr27new,mex,mex,mexico,mex,Mexico
425,p176,slp,rto40,nr15,nr27new,mex,mex,mexico,mex,Mexico
426,p177,dif_hid_mex_mor_oax_pue_tam_tla_ver,rto40,nr15,nr27new,mex,mex,mexico,mex,Mexico
427,p178,agu_gua_jal_nay_que_zac,rto40,nr15,nr27new,mex,mex,mexico,mex,Mexico
428,p179,agu_gua_jal_nay_que_zac,rto40,nr15,nr27new,mex,mex,mexico,mex,Mexico
429,p180,agu_gua_jal_nay_que_zac,rto40,nr15,nr27new,mex,mex,mexico,mex,Mexico
430,p181,slp,rto40,nr15,nr27new,mex,mex,mexico,mex,Mexico
431,p182,agu_gua_jal_nay_que_zac,rto40,nr15,nr27new,mex,mex,mexico,mex,Mexico
432,p183,col,rto40,nr15,nr27new,mex,mex,mexico,mex,Mexico
433,p184,gro_mic,rto40,nr15,nr27new,mex,mex,mexico,mex,Mexico
434,p185,gro_mic,rto40,nr15,nr27new,mex,mex,mexico,mex,Mexico
435,p186,agu_gua_jal_nay_que_zac,rto40,nr15,nr27new,mex,mex,mexico,mex,Mexico
436,p187,dif_hid_mex_mor_oax_pue_tam_tla_ver,rto40,nr15,nr27new,mex,mex,mexico,mex,Mexico
437,p188,dif_hid_mex_mor_oax_pue_tam_tla_ver,rto40,nr15,nr27new,mex,mex,mexico,mex,Mexico
438,p189,dif_hid_mex_mor_oax_pue_tam_tla_ver,rto40,nr15,nr27new,mex,mex,mexico,mex,Mexico
439,p190,dif_hid_mex_mor_oax_pue_tam_tla_ver,rto40,nr15,nr27new,mex,mex,mexico,mex,Mexico
440,p191,gro_mic,rto40,nr15,nr27new,mex,mex,mexico,mex,Mexico
441,p192,dif_hid_mex_mor_oax_pue_tam_tla_ver,rto40,nr15,nr27new,mex,mex,mexico,mex,Mexico
442,p193,dif_hid_mex_mor_oax_pue_tam_tla_ver,rto40,nr15,nr27new,mex,mex,mexico,mex,Mexico
443,p194,cam_chp_tab,rto40,nr15,nr27new,mex,mex,mexico,mex,Mexico
444,p195,cam_chp_tab,rto40,nr15,nr27new,mex,mex,mexico,mex,Mexico
445,p196,dif_hid_mex_mor_oax_pue_tam_tla_ver,rto40,nr15,nr27new,mex,mex,mexico,mex,Mexico
446,p197,cam_chp_tab,rto40,nr15,nr27new,mex,mex,mexico,mex,Mexico
447,p198,yuc,rto40,nr15,nr27new,mex,mex,mexico,mex,Mexico
448,p199,roo,rto40,nr15,nr27new,mex,mex,mexico,mex,Mexico
449,p200,roo,rto40,nr15,nr27new,mex,mex,mexico,mex,Mexico
450,p201,bcn,rto41,nr15,nr27new,mex,mex,mexico,mex,Mexico
451,p202,bcn,rto41,nr15,nr27new,mex,mex,mexico,mex,Mexico
452,p203,bcn,rto41,nr15,nr27new,mex,mex,mexico,mex,Mexico
453,p204,bcn,rto41,nr15,nr27new,mex,mex,mexico,mex,Mexico
454,p205,bcs,rto41,nr15,nr27new,mex,mex,mexico,mex,Mexico
